id_insight,categoria_analise,insight,evidencia_dados,relevancia_negocio,sugestao_acao
1,Visão geral,A base permite acompanhar indicadores essenciais do desempenho comercial do e-commerce.,"Foram analisados 238 produtos, com total vendido de 586.435 unidades codificadas. Preço médio: 126,88; desconto médio: 16,42; nota média: 4,49.",Esses indicadores oferecem uma visão executiva do desempenho geral dos produtos.,"Acompanhar esses KPIs no dashboard para apoiar decisões de preço, estoque e campanhas."
2,Marca,Algumas marcas concentram maior volume de vendas.,"A marca com maior quantidade vendida foi 'zorba', com 163.100 unidades codificadas.",Marcas com maior desempenho podem indicar preferência do consumidor e maior potencial comercial.,"Priorizar marcas de melhor desempenho em campanhas, estoque e exposição no site."
3,Material,O material do produto pode influenciar o desempenho de vendas.,"O material com maior quantidade vendida foi 'algodão', com 340.655 unidades codificadas.",A análise por material ajuda a entender características de produto mais aceitas pelo público.,"Usar o desempenho por material para orientar compras, reposição de estoque e campanhas segmentadas."
4,Gênero,A distribuição por gênero/categoria ajuda a identificar públicos com maior participação nas vendas.,"O grupo com maior quantidade vendida foi 'Masculino', com 461.830 unidades codificadas.",Essa informação permite direcionar melhor campanhas e comunicação para os públicos mais relevantes.,Criar filtros e campanhas específicas por gênero/categoria com melhor desempenho.
5,Temporada,A sazonalidade pode impactar o desempenho comercial dos produtos.,"A temporada com maior quantidade vendida foi 'não definido', com 274.475 unidades codificadas.",Entender a temporada de maior venda ajuda no planejamento de estoque e promoções.,Planejar campanhas e reposições de estoque com base nas temporadas de maior desempenho.
6,Preço,O preço deve ser acompanhado como variável estratégica para o desempenho de vendas.,"A correlação entre preço e quantidade vendida foi de 0,095.",A relação entre preço e vendas ajuda a identificar faixas mais competitivas.,Testar faixas de preço e comparar o impacto no volume vendido antes de alterar preços em massa.
7,Desconto,Descontos precisam ser avaliados com cuidado para verificar se realmente aumentam as vendas.,"A correlação entre desconto e quantidade vendida foi de 0,123.",Promoções sem retorno podem reduzir margem sem aumentar significativamente o volume vendido.,"Avaliar a efetividade dos descontos por marca, material e temporada antes de aplicar promoções generalizadas."
8,Avaliações,A quantidade de avaliações pode indicar popularidade e confiança do consumidor.,"O total de avaliações foi de 92.283 e a correlação entre número de avaliações e vendas foi de 0,905.",Produtos com mais avaliações tendem a transmitir maior confiança aos consumidores.,Destacar produtos com muitas avaliações e incentivar consumidores a avaliarem suas compras.
9,Nota média,A nota média dos produtos deve ser monitorada como indicador de percepção de qualidade.,"A nota média geral foi de 4,49 e a correlação entre nota e vendas foi de 0,091.",Notas podem influenciar a decisão de compra e a percepção de confiabilidade dos produtos.,Monitorar produtos com notas baixas e investigar possíveis problemas de qualidade ou descrição.
10,Recomendação geral,O dashboard deve ser usado como ferramenta de acompanhamento contínuo das vendas.,"A análise combinou indicadores gerais, rankings por categoria e relações entre variáveis numéricas.","A centralização dos resultados facilita decisões baseadas em dados, reduzindo decisões por achismo.",Atualizar a base periodicamente e acompanhar os KPIs no Looker Studio para apoiar decisões comerciais.
